<?xml version="1.0" encoding="UTF-8"?>
<project-private xmlns="http://www.netbeans.org/ns/project-private/1">
    <editor-bookmarks xmlns="http://www.netbeans.org/ns/editor-bookmarks/2" lastBookmarkId="0"/>
    <open-files xmlns="http://www.netbeans.org/ns/projectui-open-files/2">
        <group>
            <file>file:/D:/EMERTEX%20INTERNSHIP/Microwaveoven.X/clcd.c</file>
            <file>file:/D:/EMERTEX%20INTERNSHIP/Microwaveoven.X/isr.c</file>
            <file>file:/D:/EMERTEX%20INTERNSHIP/Microwaveoven.X/matrix_keypad.c</file>
            <file>file:/D:/EMERTEX%20INTERNSHIP/Microwaveoven.X/timers.h</file>
            <file>file:/D:/EMERTEX%20INTERNSHIP/Microwaveoven.X/main.h</file>
            <file>file:/D:/EMERTEX%20INTERNSHIP/Microwaveoven.X/Makefile</file>
            <file>file:/D:/EMERTEX%20INTERNSHIP/Microwaveoven.X/timers.c</file>
            <file>file:/D:/EMERTEX%20INTERNSHIP/Microwaveoven.X/matrix_keypad.h</file>
            <file>file:/D:/EMERTEX%20INTERNSHIP/Microwaveoven.X/clcd.h</file>
            <file>file:/D:/EMERTEX%20INTERNSHIP/Microwaveoven.X/main.c</file>
        </group>
    </open-files>
</project-private>
